id,first_name,last_name,department_id
1,"Edna","Jackie",1
2,"Tomasina","Maressa",1
3,"Sosanna","Em",1
4,"Gerianne","Sadie",1
5,"Tarrah","Kyrstin",1
6,"Elonore","Mavis",2
7,"Aurel","Celestine",2
8,"Jacintha","Caren",2
9,"Jenny","Lynde",2
10,"Sibbie","Liv",2
11,"Phyllida","Amye",3
12,"Marsiella","Danni",3
13,"Bonita","Carlotta",3
14,"Yolande","Shanna",3
15,"Brandie","Izabel",3
16,"Johnette","Davine",4
17,"Prue","Kamila",4
18,"Dalia","Faith",4
19,"Melosa","Madelyn",4
20,"Deny","Leigh",4
21,"Maegan","Bernice",5
22,"Waneta","Paige",5
23,"Tabina","Wandie",5
24,"Nerta","Gwendolyn",5
25,"Martie","Kimberley",5
26,"Chelsie","Cathryn",5
27,"Devondra","Kirstin",6
28,"Sashenka","Vinni",6
29,"Terri","Amandy",6
30,"Lonni","Sheba",6
31,"Marcie","Charlotta",7
32,"Genvieve","Zia",7
33,"Vinnie","Tomasine",7
